order_id,order_date,customer_id,product_id,product_name,quantity,unit_price,status,payment_method
ORD-1001,2026-09-01,CUST-001,SKU-TEE-01,Classic Cotton Tee,2,799,completed,card
ORD-1002,2026-09-01,CUST-002,SKU-MUG-01,Studio Mug,1,499,completed,upi
ORD-1003,2026-09-03,CUST-003,SKU-TOTE-01,Canvas Tote,1,699,completed,card
ORD-1004,2026-09-05,CUST-004,SKU-TEE-01,Classic Cotton Tee,1,799,refunded,card
ORD-1005,2026-09-08,CUST-005,SKU-TEE-02,Heavyweight Tee,3,999,completed,upi
ORD-1006,2026-09-10,CUST-006,SKU-MUG-01,Studio Mug,2,499,completed,card
ORD-1007,2026-09-12,CUST-007,SKU-TOTE-01,Canvas Tote,2,699,cancelled,cod
ORD-1008,2026-09-15,CUST-008,SKU-TEE-01,Classic Cotton Tee,1,799,completed,card
ORD-1009,2026-09-18,CUST-009,SKU-TEE-02,Heavyweight Tee,1,999,completed,upi
ORD-1010,2026-09-22,CUST-010,SKU-MUG-01,Studio Mug,4,499,completed,card

